File,Extracted Label,Actual Label,Accuracy(%)
Passport_Application.pdf,,,
dot_input\en\General_Request.pdf,"Date
Subject
To
Students name ( Mr./Miss /Mrs.)
Exchange student From (home university)
Phone number
E- mail
 Postpone tuition fee payments for the 1st / 2nd semester, Academic year
 Other (specify)
Reason(s) for the request
Student Signature
(Mr./Miss/Mrs.
Signature
Signature
Signature
Signature
No.
Date",,
dot_input\en\Medical_Certificate.pdf,"Registration Number
Name (Mr./Mrs./Miss)
Residential address with postal code
Name (Mr./Mrs./Miss) ....................................................................................................................................................... 
□ No □ Yes  (please specify)
□ No □  Yes  (please specify)
□ No □ Yes  (please specify)
□ No □ Yes  (please specify)
Other relevant
Signature
Date
Place of examination (Hospital / Clinic) with postal code
            To be filled by doctor     
I’m, Dr.
medical practice license No
Residential address with postal code
medical practice license No............................................................................................................................................ 
I had examined(Mr./Mrs./Miss)
on date
month
year
and revealed as follows bodyweight
kgs.  Height
cms. Blood pressure
pulse rate
General Physical Condition  □ Normal      □ Abnormal (please specify)
Physician Conclusion / Advice
(4) Others   
Signature
Date",,
dot_input\th\(คลัง)คำขอจดทะเบียนพาณิชย์.pdf,"เลขรับที่
รับวันที่
อํ าเภอ
จังหวัด
เลขที่คํ าขอเดิม
ทะเบียนเลขที่
[    ]  จดทะเบียนเปลี่ยนแปลงรายการ [    ] [    ] [    ] [    ] [    ]  ตั้งแตวันที่
[    ]  จดทะเบียนเลิกประกอบพาณิชยกิจ  ตั้งแตวันที่
[1]   ชื่อผูประกอบพาณิชยกิจ
อายุ
ป  เชื้อชาติ
สัญชาติ
ที่อยูเลขที่
หมูที่
ตรอก/ซอย
ถนน
ตํ าบล/แขวง
อํ าเภอ/เขต
จังหวัด
โทรศัพท
โทรสาร
[2]   ชื่อที่ใชในการประกอบพาณิชยกิจ  ภาษาไทย
ภาษาตางประเทศ (ถามี)
[4]   จํ านวนเงินทุนที่นํ ามาใชในการประกอบพาณิชยกิจเปนประจํ า   จํ านวน
บาท  (
[5]   ที่ตั้งสํ านักงานแหงใหญ  เลขที่
หมูที่
ตรอก/ซอย
ถนน
ตํ าบล/แขวง
อํ าเภอ/เขต
จังหวัด
โทรศัพท
โทรสาร
[6]   ชื่อผูจัดการ
อายุ
ป สัญชาติ
ที่อยูเลขที่
หมูที่
ตรอก/ซอย
ถนน
ตํ าบล/แขวง
อํ าเภอ/เขต
จังหวัด
โทรศัพท
โทรสาร
[7]   วันที่เริ่มตนประกอบพาณิชยกิจในประเทศไทย  ตั้งแตวันที่
[8]   วันที่ขอจดทะเบียนพาณิชย
[9]   รับโอนพาณิชยกิจนี้จาก
สัญชาติ
ที่อยูเลขที่
หมูที่
ตรอก/ซอย
ถนน
ตํ าบล/แขวง
อํ าเภอ/เขต
จังหวัด
โทรศัพท
โทรสาร
ชื่อที่ใชในการประกอบพาณิชยกิจ
โอนเมื่อวันที่
สาเหตุที่โอน
[10] ที่ตั้งสํ านักงานสาขา  เลขที่
หมูที่
ตรอก/ซอย
ถนน
ตํ าบล/แขวง
อํ าเภอ/เขต
จังหวัด
โทรศัพท
โทรสาร
ที่ตั้งโรงเก็บสินคา เลขที่
หมูที่
ตรอก/ซอย
ถนน
ตํ าบล/แขวง
อํ าเภอ/เขต
จังหวัด
โทรศัพท
โทรสาร",,
dot_input\th\(สาธารณสุข)คำขอรับใบอนุญาตทั่วไป.pdf,"เขียนที่
สำนักงานเทศบาลตำบลบางปลา
วันที่
เดือน
พ.ศ.
ข้าพเจ้า
อายุ
ปี  สัญชาติ
อยู่บ้านเลขที่
หมู่ที่ 4    ตรอก/ซอย
ถนน
เศรษฐกิจ-บางปลา
ตำบล
บ้านเกาะ
อำเภอ
เมืองสมุทรสาคร
เทศบาล
ตำบลบางปลา
จังหวัด
สมุทรสาคร
หมายเลขโทรศัพท์
(     )  สถานที่จำหน่ายอาหารหรือสะสมอาหาร  ประเภท
โดยมีพื้นที่ประกอบการ
(     )  กิจการที่เป็นอันตรายต่อสุขภาพ  ประเภท
มีคนงาน
คน    ใช้เครื่องจักรขนาด
(     )  กิจการตลาด  ที่มีการจำหน่าย
(     )  กิจการจำหน่ายสินค้าในที่สาธารณะ  จำหน่ายสินค้าประเภท
ณ  บริเวณ
โดยมีวิธีการ
(   )   เก็บขนขยะสิ่งปฏิกูลโดยมีแหล่งกำจัดที่
(   )   เก็บขนและกำจัดสิ่งปฏิกูล  โดยมีระบบกำจัดอยู่ที่
(   )   เก็บขนมูลฝอย  โดยมีแหล่งกำจัดที่
(   )   เก็บขนและกำจัดมูลฝอย  โดยมีระบบกำจัดอยู่ที่
ต่อ (เจ้าพนักงานท้องถิ่น)
สำเนาบัตรประจำตัว
หลักฐานการอนุญาตตามกฎหมายอื่นที่เกี่ยวข้อง  คือ",,
dot_input\th\(สาธารณสุข)แบบคำขอรับใบอนุญาตกิจการที่เป็นอันตราย.pdf,"ประกอบกิจการ
เขียนที่
วันที่
เดือน
พ.ศ
อำเภอ/เขต
หมู่ที่   ตรอก/ซอย
อำเภอ/เขต
หมู่ที่
บริเวณสถานประกอบการเป็นของ
คำขอเลขที่",,
dot_input\th\10txpu0vd2isk4wo48.pdf,"ดวย นาย/นาง/นางสาว
(Mr./Mrs./Ms
ปจจุบันรับราชการในตําแหนง
ระดับ
สังกัด (กลุม/กอง/สถาบัน/สํานัก/กรม)
อัตราเงินเดือน รวมเดือนละ
บาท เงินเพิ่มอื่น ๆ รวมเดือนละ
บรรจุเขารับราชการตั้งแตวันที่
อายุราชการจนถึงปจจุบัน
ป
ราชการ ฉบับภาษาอังกฤษ จํานวน
 อื่นๆ (โปรดระบุ)
เดินทางตั้งแตวันที่
เดือน
พ.ศ.
ถึง วันที่
เดือน
พ.ศ.",,
dot_input\th\16wzbcphege884kwkg.pdf,"เขียนที่
วันที่
เรียน
ข้าพเจ้า
ต าแหน่ง/อาชีพ
อยู่บ้านเลขที่
ต าบล
อ าเภอ
จังหวัด
โทรศัพท์
(ลงชื่อ)",,
dot_input\th\20240815153457_49317.pdf,"ว่าด้วย
ข้อความ
ข้อ ๑ ระเบียบนี้เรียกว่า “ระเบียบ
ข้อ ๒ ระเบียบนี้ให้ใช้บังคับตั้งแต่
เป็นต้นไป
กำหนดเป็นข้อสุดท้ายก่อนที่จะขึ้นหมวด ๑",,
dot_input\th\20240815153514_50867.pdf,"ที่  อว ๐๖๕๔.๐๑/
ถึง
ภาคเหตุ
ภาคความประสงค์
ภาคสรุป
โทรสาร  (ถ้ามี)
ไปรษณีย์อิเล็กทรอนิกส์  (ถ้มี)
สำเนาส่ง  (ถ้ามี)",,
dot_input\th\20240815153534_99120.pdf,"เรื่อง
เรียน
อ้างถึง
สิ่งที่ส่งมาด้วย%%
ภาคเหตุ
ภาคความประสงค์
ภาคสรุป",,
dot_input\th\3gbvy8tjb3eokws8ks.pdf,"ขาพเจา..(นาย/นาง/นางสาว)
ขาราชการพลเรือนสามัญ ตําแหนง
สังกัด
ลูกจางประจํา ตําแหนง
สังกัด
พนักงานราชการตําแหนง
สังกัด
พนักงานกระทรวงสาธารณสุขตําแหนง
สังกัด
มีความประสงคเดินทางไป
ณ ประเทศ
ในระหวางวัน
ที่
๒๕61 มีกําหนด
(ออกเดินทางวันที่
2561 เวลา
น. กลับถึงวันที่
เวลา
น.) โดยใชวันลาพักผอน
หัวหนากลุม",,
dot_input\th\46xqxotb1s00g48o84.pdf,"วันที่
เดือน
พ.ศ.
ข้าพเจ้า
ต าแหน่ง
ขออนุญาตใช้รถ (ไปที่ไหน)
เพื่อ
ในวันที่
เวลา
ถึงวันที่
เวลา
เห็นควรอนุญาตและอนุมัติให้ใช้รถหมายเลขทะเบียน
โดยมี
เป็นคนขับรถ
อนุญาต/อนุมัติ
เลขไมล์
เติมน ามัน
โทรศัพท์ (หน่วยงาน/ผู้ขอใช้รถ)",,
dot_input\th\5f4j0qrupw8wcwg0wk.pdf,"ข้าพเจ้า นาย/นาง/นางสาว
ต าแหน่ง
กลุ่ม/กลุ่มงาน
(   ) ไม่ได้สแกนลายนิ้วมือหรือสแกนหน้าเข้า และหรือกลับจากปฏิบัติงาน เนื่องจาก
(   ) สแกนลายนิ้วมือหรือสแกนหน้าล่าช้ากว่าปกติ กรณีเกิดความจ าเป็นหรือมีเหตุสุดวิสัย เนื่องจาก
(   ) ออกก่อนเวลาเลิกปฏิบัติงาน เนื่องจาก
เมื่อวันที่
เดือน
พ.ศ
เวลามา
เวลากลับ
ลงชื่อ
วันที่
ข้าพเจ้า
ข้าพเจ้า
ต าแหน่ง
ต าแหน่ง
กลุ่ม/กลุ่มงาน
กลุ่ม/กลุ่มงาน
(   ) อื่นๆ
(   ) อื่นๆ
ลงชื่อ
ลงชื่อ
วันที่
วันที่
ลงชื่อ
วันที่
ลงชื่อ
วันที่",,
dot_input\th\Complain.pdf,"วันที'ร้องเรียน
ชื4อ – สกุล
สังกัดหน่วยงาน
โทรศัพท์
โทรสาร
E-mail
เลขที'ใบส่งสินค้าและใบแจ้งหนีE
วันที'รับสินค้า / รับบริการ
รายการสินค้า / บริการ
2 รายละเอียดของสินค้า หรือ บริการที'ร้องเรียน / ที'ไม่เป็นไปตามข้อตกลง
ลงชื4อ
วันที4",,
dot_input\th\gwfku38vrns4000408.pdf,,,
dot_input\th\qqrg4jwloasgskkoss.pdf,"เขียนที่
วันที่
เดือน
พ.ศ.
ตามที่ขาพเจา
ตําแหนง
สังกัด
ไดรับอนุญาตใหลา
ตั้งแตวันที่
เดือน
พ.ศ.
ถึง วันที่
เดือน
พ.ศ.
รวม
เนื่องจาก (ระบุเหตุผล)
จึงขอยกเลิกวันลา
จํานวน
ตั้งแตวันที่
ถึงวันที่
(ลงชื่อ)
(ลงชื่อ)
ตําแหนง
วันที่
(ลงชื่อ)
ตําแหนง
วันที่",,
dot_input\th\rmutr_form.pdf,"ข้าพเจ้า (นาย/นาง/นางสาว)
ต าแหน่ง (ระดับผู้บริหารขององค์กร/หน่วยงาน)
ชื่อหน่วยงาน
คณะวิทยาศาสตร์และเทคโนโลยี
สถานที่ตั้ง
มหาวิทยาลัยเทคโนโลยีราชมงคลรัตนโกสินทร์
เบอร์ติดต่อ
ขอรับรองว่าได้น าผลงานวิจัย/งานสร้างสรรค์ เรื่อง
ซึ่งเป็นผลงานของ
สังกัด คณะวิทยาศาสตร์และเทคโนโลยี
องค์กร/หน่วยงานของท่านน างานวิจัย/งานสร้างสรรค์ไปใช้ให้เกิดประโยชน์อย่างไร (ระบุ)
 ตั้งแต่
 ตั้งแต่
จนถึง",,
dot_input\th\rmutt-1.pdf,"คํานําหน้าชื่อ
ชื่อ
สกุล
เลขที่บัตรประชาชน
คุณวุฒิ
ตําแหน่งปัจจุบัน
วิทยฐานะ
เลขที่ตําแหน่ง
เงินเดือน
แต่งตั้งวันที่
ชื่อสถานศึกษา
ตําบล/แขวง
อําเภอ/เขต
จังหวัด
รหัสไปรษณีย์
สังกัด
หน่วยงาน
มีความประสงค์จะยื่นขอรับการประเมินเพื่อขอมีหรือเลื่อนวิทยฐานะใด
ลงชื่อ
วัน
เดือน
พ.ศ.
ความคิดเห็นของรองผู้อํานวยการกลุ่มบริหารงานบุคคล
ลงชื่อ
วัน
เดือน
พ.ศ.
ความคิดเห็นของผู้อํานวยการ
ลงชื่อ
วัน
เดือน
พ.ศ.",,
dot_input\th\rmutt-10.pdf,"ที่
วันที่
ชุมชนแห่งการเรียนรู้ทางวิชาชีพ (PLC) เรื่อง
บัดนี้ ข้าพเจ้า
อันดับ
วิทยฐานะ
และนางหมั่นเพียร  เรียนรู้ ครูอันดับ
วิทยฐานะ
เรื่อง
ด้วยการจัดกิจกรรมชุมชนแห่งการเรียนรู้ทางวิชาชีพ (PLC) เรื่อง
ลงชื่อ
ตําแหน่ง
ลงชื่อ
ตําแหน่ง",,
dot_input\th\rmutt-11.pdf,"ครั้งที่
ชื่อกิจกรรม
วัน เดือน ปี ที่จัดกิจกรรม
ภาคเรียนที่
ปีการศึกษา
จํานวนชั่วโมง
จํานวนสมาชิก
ภาคเรียนที่ ..................................   ปีการศึกษา .........................   จํานวนชั่วโมง ............ ชั่วโมง 
คน ดังนี้
................................................................................................................................................................
................................................................................................................................................................ 
ประเด็น
................................................................................................................................................................
................................................................................................................................................................ 
................................................................................................................................................................ 
สาเหตุ
................................................................................................................................................................
................................................................................................................................................................ 
................................................................................................................................................................ 
................................................................................................................................................................ 
ความรู้หลักการที่น ามาใช้
................................................................................................................................................................
................................................................................................................................................................ 
................................................................................................................................................................ 
................................................................................................................................................................ 
................................................................................................................................................................ 
................................................................................................................................................................ ",,
dot_input\th\rmutt-2.pdf,"ปีการศึกษา
ภาคเรียนที่
หน่วยงานการศึกษา
ชื่อสถานศึกษา
ประเภทการสอน
ระดับการศึกษาที่สอน
กลุ่มสาระที่สอน
รายวิชาที่สอน
สาขากลุ่มวิชาที่สอน (ถ้ามี)
จํานวนคาบ/สัปดาห์
ลงชื่อ
วัน
เดือน
พ.ศ.
ความคิดเห็นของรองผู้อํานวยการกลุ่มบริหารงานบุคคล
ลงชื่อ
วัน
เดือน
พ.ศ.
ความคิดเห็นของผู้อํานวยการ
ลงชื่อ
วัน
เดือน
พ.ศ.",,
dot_input\th\rmutt-3.pdf,"ปีการศึกษา/ปีงบประมาณ
ภาคเรียนที่
สัปดาห์ที่
วัน/เดือน/ปี ของสัปดาห์ที่สอน
วันแรกของสัปดาห์
วันสุดท้ายของสัปดาห์
กลุ่มสาระ
วิชาที่สอน
รหัสวิชา
จํานวนคาบ
หน่วยนับเวลาที่ใช้
ลักษณะการสอน
ลงชื่อ
วัน
เดือน
พ.ศ.
ความคิดเห็นของรองผู้อํานวยการกลุ่มบริหารงานบุคคล
ลงชื่อ
วัน
เดือน
พ.ศ.
ความคิดเห็นของผู้อํานวยการ
ลงชื่อ
วัน
เดือน
พ.ศ.",,
dot_input\th\rmutt-4.pdf,"ปีการศึกษา/ปีงบประมาณ
ภาคเรียนที่
สัปดาห์ที่
วัน/เดือน/ปี ของสัปดาห์ที่สอน
วันแรกของสัปดาห์
วันสุดท้ายของสัปดาห์
รายงานการสนับสนุน
จํานวนชั่วโมง
ลงชื่อ
วัน
เดือน
พ.ศ.
ความคิดเห็นของรองผู้อํานวยการกลุ่มบริหารงานบุคคล
ลงชื่อ
วัน
เดือน
พ.ศ.
ความคิดเห็นของผู้อํานวยการ
ลงชื่อ
วัน
เดือน
พ.ศ.",,
dot_input\th\rmutt-5.pdf,"ปีการศึกษา/ปีงบประมาณ
ภาคเรียนที่
สัปดาห์ที่
วัน/เดือน/ปี ของสัปดาห์ที่สอน
วันแรกของสัปดาห์
วันสุดท้ายของสัปดาห์
รายงานการสนับสนุน
จํานวนชั่วโมง
ลงชื่อ
วัน
เดือน
พ.ศ.
ความคิดเห็นของรองผู้อํานวยการกลุ่มบริหารงานบุคคล
ลงชื่อ
วัน
เดือน
พ.ศ.
ความคิดเห็นของผู้อํานวยการ
ลงชื่อ
วัน
เดือน
พ.ศ.",,
dot_input\th\rmutt-6.pdf,"ที่      /
วันที่
บัดนี้ ข้าพเจ้า
ครูอันดับ
ได้เข้ารับการพัฒนาอบรมพัฒนาครูประจําการสังกัด สพฐ. ตามหลักสูตร
ลงชื่อ
วัน
เดือน
พ.ศ.
ความคิดเห็นของรองผู้อํานวยการกลุ่มบริหารงานบุคคล
ลงชื่อ
วัน
เดือน
พ.ศ.
ความคิดเห็นของผู้อํานวยการ
ลงชื่อ
วัน
เดือน
พ.ศ.",,
dot_input\th\rmutt-7.pdf,"ล าดับที่
วัน/เดือน/ปี ที่บันทึก
ชื่อหลักสูตร
รหัสหลักสูตร
ความรู้
ทักษะ
ความเป็นครู",,
dot_input\th\rmutt-8.pdf,"ที่
/2561 วันที่
เรื่อง ขอเสนอโครงการพัฒนาวิชาชีพ  ด้วยการจัดกิจกรรมชุมนุมแห่งการเรียนรู้ทางวิชาชีพ
บัดนี้
ลงชื่อ
วัน
เดือน
พ.ศ.
ความคิดเห็นของรองผู้อํานวยการกลุ่มบริหารงานบุคคล
ลงชื่อ
วัน
เดือน
พ.ศ.
ความคิดเห็นของผู้อํานวยการ
ลงชื่อ
วัน
เดือน
พ.ศ.",,
dot_input\th\rmutt-9.pdf,"เรื่อง
หลักการและเหตุผล
วัตถุประสงค์
วิธีด าเนินการ
สถานที่ด าเนินการ
ผลที่คาดว่าจะได้รับ
บทบาทหน้าที่
บทบาทหน้าที่
บทบาทหน้าที่
บทบาทหน้าที่
บทบาทหน้าที่
ลงชื่อ",,
dot_input\th\td21.pdf,"ระวาง
ตําบล
เลขที่ดิน
หนาสํารวจ
อําเภอ
โฉนดที่ดินเลขที่
จังหวัด
เรื่อง
เขียนที่
วันที่
เดือน
พุทธศักราช
โดยหนังสือฉบับนี้ขาพเจา
เลขประจําตัวประชาชน                                                                        อายุ
ป  เชื้อชาติ
สัญชาติ
บิดาชื่อ
มารดาชื่อ
บานเลขที่
หมูที่
ตรอก/ซอย
ถนน
ตําบล
อําเภอ
จังหวัด
โทรศัพท
ไดมอบให
เลขประจําตัวประชาชน                                                                        อายุ
ป  เชื้อชาติ
สัญชาติ
บิดาชื่อ
มารดาชื่อ
บานเลขที่
หมูที่
ตรอก/ซอย
ถนน
ตําบล
อําเภอ
จังหวัด
โทรศัพท
เปนผูมีอํานาจจัดการ
เพื่อเปนหลักฐานขาพเจาได  ลงลายมือชื่อ/พิมพลายนิ้วมือ  ไวเปนสําคัญตอหนาพยานแลว
ไดลงลายมือชื่อ / พิมพลายนิ้วมือ  ตอหนาขาพเจา",,
dot_input\th\คำร้องขออนุญาตโฆษณา.pdf,,,
dot_input\th\คำร้องเรียนทั่วไป.pdf,"ค ำร้องเรื่อง
เขียนที่
วันที่
เดือน
พ.ศ
ข้ำพเจ้ำ (นำย/นำง/นำงสำว)
วันเกิด
สัญชำติ
บัตรประจ ำตัวประชำชนเลขที่
ที่อยู่ปัจจุบันเลขที่
ต ำบล
อ ำเภอ
จังหวัด
เบอร์โทรศัพท์
ด้วยข้ำพเจ้ำ (นำย/นำง/นำงสำว)
(ลงชื่อ)
ค ำสั่งของนำยกเทศมนตรี
(นำยชำตรี  โพธิ์อบ)
แจ้งผู้ร้องทรำบผลกำรด ำเนินกำร
(ลงชื่อ)
วันที่
รับที่
วันที่
เวลำ
ด ำเนินกำรแล้ว
(ลงชื่อ)
วันที่
วันที่",,
dot_input\th\ภ.ง.ด.90.pdf,"ชื่อ
ชื่อกลาง
ชื่อสกุล
ชื่อสถานประกอบการ
ที่อยู่:อาคาร
ห้องเลขที่
ชั้นที่
หมู่บ้าน
เลขที่
หมู่ที่
ตรอก/ซอย
แยก
ถนน
ตำ�บล/แขวง
อำ�เภอ/เขต
จังหวัด
ชื่อเว็บไซต์
ชื่อ
ชื่อกลาง
ชื่อสกุล
เลขที่หนังสือเดินทาง
สัญชาติ
ประเทศ
วันเดือนปีเกิด
วันเดือนปีเกิด
รวม
ลงชื่อ
ลงชื่อ
ในฐานะเป็น
ที่อยู่ (ของผู้แทน)
วันที่
ลงชื่อ
วันที่
ปีภาษี",,
dot_input\th\ภ.พ.09.pdf,"ชื่อผู้ประกอบการ
ชื่อและที่อยู่สำนักงานใหญ่ : ชื่อสถานประกอบการ
ที่อยู่ : อาคาร
ห้องเลขที่
ชั้นที่
หมู่บ้าน
เลขที่
หมู่ที่
ตรอก/ซอย
ถนน
ตำบล/แขวง
อำเภอ/เขต
จังหวัด
โทรศัพท์
เมื่อวันที่
เดือน
พ.ศ.
เดิมอยู่ที่ : อาคาร
ห้องเลขที่
ชั้นที่
หมู่บ้าน
เลขที่
หมู่ที่
ตรอก/ซอย
ถนน
ตำบล/แขวง
อำเภอ/เขต
จังหวัด
โทรศัพท์
ย้ายไปอยู่ : อาคาร
ห้องเลขที่
ชั้นที่
หมู่บ้าน
เลขที่
หมู่ที่
ตรอก/ซอย
ถนน
ตำบล/แขวง
อำเภอ/เขต
จังหวัด
โทรศัพท์
ประเภทสถานประกอบการ   บ้านพักอาศัย   อาคารพาณิชย์   อาคารสำนักงาน   อาคารโรงงาน   อาคารชุด   อื่นๆ
1 เลิกประกอบกิจการ : เมื่อวันที่
เดือน
พ.ศ
โดยมีผู้ชำระบัญชีชื่อ
2 โอนกิจการทั้งหมด : เมื่อวันที่
เดือน
พ.ศ
รับโอนจาก :
ที่อยู่ : อาคาร
ห้องเลขที่
ชั้นที่
หมู่บ้าน
เลขที่
หมู่ที่
ตรอก/ซอย
ถนน
ตำบล/แขวง
อำเภอ/เขต
จังหวัด
โทรศัพท์
3 ควบกิจการ : เมื่อวันที่
เดือน
พ.ศ
จำนวนบริษัทหรือห้างหุ้นส่วนนิติบุคคลที่ควบเข้ากัน จำนวน
ควบเข้ากันกับ ชื่อ
ที่อยู่ : อาคาร
ห้องเลขที่
ชั้นที่
หมู่บ้าน
เลขที่
หมู่ที่
ตรอก/ซอย
ถนน
ตำบล/แขวง
อำเภอ/เขต
จังหวัด
โทรศัพท์
ชื่อ
สรรพากรพื้นที่
สรรพากรพื้นที่สาขา
เปลี่ยนแปลงอื่นๆ (ระบุ)",,
dot_input\th\ภงด90.pdf,"ชื่อ
ชื่อกลāง
ชื่อสกุล
ชื่อสถāนปรÿกอบกāร
ที่อยู่:อาคาร
Ā้องเลขที่
ชั้นที่
Āมู่บ้าน
เลขที่
Āมู่ที่
ตรอก/ซอย
แยก
ถนน
ตำาบล/แขüง
อำาเภอ/เขต
จังĀüัด
ชื่อเü็บไซต์
ชื่อ
ชื่อกลāง
ชื่อสกุล
เลขที่Āนังÿือเดินทาง
ÿัญชาติ
ประเทý
วĀนเดือนปีเกิด
วĀนเดือนปีเกิด
รüม
ลงชื่อ
ลงชื่อ
ในฐานะเป็น
ที่อยู่ (ของผู้แทน)
üันที่
ลงชื่อ
üันที่
ปีภāษี",,
dot_input\th\รายงานผลการตรวจร่างกาย.pdf,"เขียนที่
วันที่
เดือน
พ.ศ.
ชื่อ(นาย,นาง,นางสาว)
นามสกุล
อายุ
เกิดวันที่
เดือน
พ.ศ.
สถานที่เกิด
จังหวัด
 อื่น ๆ ระบุ
เคยได้รับอุบัติเหตุหรือเจ็บป่วยถึงขั้นเข้ารักษาตัวที่โรงพยาบาล คือ
เมื่อ พ.ศ.
ปัจจุบันมีโรคประจำตัวและกำลังรับการรักษา คือ
ชื่อบิดา
นามสกุล
อายุ
  ยังมีชีวิต มีโรคประจำตัว คือ
  ถึงแก่กรรม ด้วยสาเหตุ
ชื่อมารดา
นามสกุล
อายุ
  ยังมีชีวิต มีโรคประจำตัว คือ
  ถึงแก่กรรม ด้วยสาเหตุ
ลงชื่อ
ลงชื่อ",,
dot_input\th\สัญญาก.pdf,"ท ำที่
วันที่
เดือน
พ.ศ
ข้ำพเจ้ำ
อำยุ
ปี  อยู่บ้ำนเลขที่
ตรอก / ซอย
ถนน
ข้ำพเจ้ำ
อำยุ
ปี  อยู่บ้ำนเลขที่
ตรอก / ซอย
ถนน
ข้อ 1. ผู้กู้ตกลงกู้เงินและผู้ให้กู้ตกลงให้กู้เงินจ ำนวน
บำท (
ข้อ 2. ผู้กู้ตกลงยิงยอมช ำระดอกเบี้ยให้กู้ในอัตรำร้อยละ
ต่อปี นับตั้งแต่วันที่
ข้อ 3. ผู้กู้ตกลงช ำระเงินต้นคืนในวันที่
ผู้ให้กู้ภำยในวันที่
ลงชื่อ
ลงชื่อ
ลงชื่อ
ลงชื่อ
ช ำระเงินต้นพร้อมดอกเบี้ยเป็นรำยเดือนในอัตรำเดือนละ
) ทุกวันที่
ของเดือน โดยเริ่มตั้งแต่เดือน
ต้นไป จนเสร็จสิ้น รวมทั้งสิ้น",,
dot_input\th\สัญญากู้ยืมค้ำประกัน.pdf,"ท าที่
วันที่
เดือน
พ.ศ
สัญญากู้ยืมเงินนี้ท าขึ้นระหว่างกองทุนหมู่บ้าน/ชุมชนเมือง
ตั้งอยู่ที่เลขที่
หมู่ที่
ต าบล/แขวง
อ าเภอ/เขต
จังหวัด
โดยมี นาย/นาง/นางสาว
หรือ นาย/นาง/นางสาว
เรียกว่า “ผู้ให้กู้” ฝ่ายหนึ่ง กับ นาย/นาง/นางสาว
อายุ
อยู่บ้านเลขที่
หมู่ที่
ต าบล/แขวง
อ าเภอ/เขต
จังหวัด
ผู้ให้กู้ ตกลงให้ ผู้กู้ กู้ยืมเงินไป จ านวน
บาท  (
ระยะเวลาการกู้ยืมก าหนดเวลา
คิดดอกเบี้ยในอัตราร้อยละ
๑ ผู้กู้ จะช าระคืน ภายในวันที่
เดือน
พ.ศ.
๒ ผู้กู้ ตกลงจะช าระเงินเงินต้นพร้อมดอกเบี้ยคืนเป็นรายงวด จ านวน
งวด ในทุกวันที่
ของเดือน/ปี งวดละ
กรณีที่ ผู้กู้ ให้หลักทรัพย์ค้ าประกันกล่าวคือ จ านอง หรือจ าน า ในทรัพย์สินดังนี้
ผู้กู้ ยินยอมให้คิดดอกเบี้ยผิดนัดเป็นอัตราร้อยละ  ๑๕  ต่อปี ของเงินต้นคงค้างทั้งหมดจนกว่าช าระเสร็จสิ้น 
(ลงชื่อ)
(ลงชื่อ)
ผู้ให้กู้        (ลงชื่อ)
)        (
(ลงชื่อ)
(ลงชื่อ)
เลขที่",,
dot_input\th\หนังสือมอบอำนาจ.pdf,"เขียนที่
วันที่
เดือน
พ.ศ.
โดยหนังสือมอบอำนาจฉบับนี้ ข้าพเจ้า
อายุ
เชื้อชาติ
สัญชาติ
อยู่บ้านเลขที่
หมู่ที่
ตรอก/ ซอย
ถนน
ตำบล/แขวง
อำเภอ/เขต
จังหวัด
หมายเลขโทรศัพท์
ปัจจุบันอาศัยอยู่ที่
ได้มอบอำนาจให้
อายุ
เชื้อชาติ
สัญชาติ
อยู่บ้านเลขที่
หมู่ที่
ตรอก/ ซอย
ถนน
ตำบล/แขวง
อำเภอ/เขต
จังหวัด
หมายเลขโทรศัพท์
เป็นผู้รับมอบอำนาจให้ดำเนินการ เรื่อง
ลงชื่อ
ลงชื่อ
ลงชื่อ
ลงชื่อ",,
dot_input\th\หนังสือมอบอำนาจทั่วไป (1).pdf,"ทำที่
วันที่
เดือน
พ.ศ
โดยหนังสือฉบับนี้ข้าพเจ้า
ซึ่งเป็นผู้ถือบัตร
เลขที่
ออกให้ ณ
เมื่อวันที่
อยู่บ้านเลขที่
ตรอก/ซอย
ถนน
แขวง/ตำบล
เขต/อำเภอ
จังหวัด
ขอมอบอำนาจให้
ซึ่งเป็นผู้ถือบัตร
เลขที่
ออกให้ ณ
เมื่อวันที่
อยู่บ้านเลขที่
ตรอก/ซอย
ถนน
แขวง/ตำบล
เขต/อำเภอ
จังหวัด
เป็นผู้มีอำนาจ
การใดที่
ลงชื่อ
ลงชื่อ
ลงชื่อ
ลงชื่อ",,
dot_input\th\หนังสือมอบอำนาจทั่วไป.pdf,"เขียนที่
วันที่
เดือน
พ.ศ.
เรื่อง
โดยหนังสือฉบับนี้ ข้าพเจ้า
อายุ
เชื้อชาติ
สัญชาติ
อยู่บ้านเลขที่
หมู่
แขวง/ตำบล
เขต/อำเภอ
จังหวัด
เบอร์โทรศัพท์
ได้มอบอำนาจให้
อายุ
เชื้อชาติ
สัญชาติ
อยู่บ้านเลขที่
หมู่
แขวง/ตำบล
เขต/อำเภอ
จังหวัด
เบอร์โทรศัพท์
เป็นผู้มีอำนาจจัดการ
ลงชื่อ
ลงชื่อ
ลงชื่อ",,
dot_input\th\หนังสือยินยอมเจ้าของที่ดิน.pdf,"เขียนที่
วันที่
เดือน
พ.ศ
ข้าพเจ้า
อยู่บ้านเลขที่
ถนน
ตรอก/ซอย
หมู่ที่
ต าบล/แขวง
อ าเภอ/เขต
จังหวัด
ถือกรรมสิทธิ์ที่ดินโฉนดเลขที่
เลขที่ดิน
ซึ่งตั้งอยู่  ณ  บ้านเลขที่
ถนน
ต าบล
อ าเภอ
จังหวัด
ยินยอมให้
ในเนื้อที่
ยาว
เมตร จด
ยาว
เมตร จด
ยาว
เมตร จด
ยาว
เมตร จด
ข้าพเจ้าได้ยินยอมให้
เพราะเป็น
และได้แนบ
ยินยอมให้
(ลงชื่อ)
(ลงชื่อ)
(ลงชื่อ)
(ลงชื่อ)
(ลงชื่อ)
(ลงชื่อ)",,
dot_input\th\หนังสือรับรองของผู้ประกอบวิชาชีพวิศวกรรมควบคุม.PDF,,,
dot_input\th\หนังสือรับรองของผู้ประกอบวิชาชีพสถาปัตยกรรมควบคุม.PDF,"เขียนที่
วันที่
เดือน
พ.ศ
โดยหนังสือฉบับนี้ ข้าพเจ้า
อายุ
ปี เชื้อชาติ
สัญชาติ
อยู่บ้านเลขที่
หมู่ที่
ถนน
ตรอก / ซอย
ต าบล / แขวง
อ าเภอ / เขต
จังหวัด
ที่ท างาน
โทรศัพท์(ที่บ้าน)
โทรศัพท์ (ที่ท างาน)
ได้รับอนุญาตให้ประกอบวิชาชีพสถาปัตยกรรมควบคุมประเภท
สาขา
แขนง
ตามใบอนุญาตเลขทะเบียน
เป็นสิ่งปลูกสร้างชนิด
จ านวน
เพื่อใช้เป็น
เป็นสิ่งปลูกสร้างชนิด
จ านวน
เพื่อใช้เป็น
เป็นสิ่งปลูกสร้างชนิด
จ านวน
เพื่อใช้เป็น
ของ
ปลูกสร้างในโฉนดที่ดินเลขที่
หมู่ที่
ถนน
ตรอก / ซอย
ต าบล / แขวง
อ าเภอ / เขต
จังหวัด
(ลายมือชื่อ)
(ลายมือชื่อ)
(ลายมือชื่อ)
(ลายมือชื่อ)",,
dot_input\th\หนังสือรับรองหักภาษี ณ ที่จ่าย.pdf,"ชื่อ
ที่อยู่
เล่มที่
เลขที่
อัตราอื่นๆ(ระบุ)
อื่นๆ(ระบุ)
อื่นๆ(ระบุ)
ชื่อ
ที่อยู่
(6) ภ.ง.ด.3ก
53
   หนังสือรับรองฯกับแบบยื่นรายการภาษีหักที่จ่าย)
เลขประจำตัวผู้เสียภาษีอากร
อื่นๆ(ระบุ)
เงินที่จ่ายเข้ากบข./กสจ./กองทุนสงเคราะห์ครูโรงเรียนเอกชน
บาทกองทุนประกันสังคม
บาทกองทุนสำรองเลี้ยงชีพ
ลงชื่อ",,
dot_input\th\หนังสือสัญญาเงินกู้ตามกฏหมายใหม่.pdf,"ลำดับที่
ทำที่
วันที่
เดือน
พ.ศ.
ข้าพเจ้า
อายุ
ปี อยู่บ้านเลขที่
ตำบล
อำเภอ
จังหวัด
สัญญากู้เงินให้ไว้แก่
ข้อ ๑. ข้าพเจ้า
ได้กู้เงินของ
เป็นจำนวนเงิน
ข้อ ๒. เพื่อเป็นหลักฐานในเงินซึ่งข้าพเจ้ากู้ไปนี้ ข้าพเจ้าได้นำ
วันที่
เดือน
พ.ศ.
ข้อ ๔. ข้าพเจ้ายอมให้ดอกเบี้ย
ลงลายมือชื่อ
ลงลายมือชื่อ
ลงลายมือชื่อ
ลงลายมือชื่อ
ลงลายมือชื่อ",,
dot_input\th\หนังสือแสดงความยินยอมของผู้ควบคุมงาน  ตามมาตรา  29.PDF,"เขียนที่
วันที่ .. เดือน
พ.ศ.
โดยหนังสือฉบับนี้  ข้าพเจ้า
สถาปัตยกรรมควบคุม  ตามกฎหมายว่าด้วยวิชาชีพสถาปัตยกรรม  ประเภท
สาขา
แขนง
ตามใบอนุญาตเลขทะเบียน
และขณะนี้ไม่ได้ถูกเพิกถอนใบอนุญาตให้ประกอบวิชาชีพดังกล่าว  อายุ
ปี  สัญชาติ
อยู่บ้านเลขที่
ตรอก/ซอย
ถนน
หมู่ที่
ต าบล/แขวง
อ าเภอ/เขต
จังหวัด
โทรศัพท์
ที่ท างาน
โทรศัพท์
ยินยอมเป็นผู้ควบคุมงานตามค าขอใบรับอนุญาตของ
เพื่อท าการ
บ้านเลขที่
ตรอก/ซอย
ถนน
หมู่ที่
ต าบล/แขวง
อ าเภอ/เขต
จังหวัด
เพื่อเป็นอาคาร
ชนิด
จ านวน
เพื่อใช้เป็น
พื้นที่/ความยาว
มีที่จอดรถ  ที่กลับรถ และทางเข้าออกของรถ  จ านวน
ชนิด
จ านวน
เพื่อใช้เป็น
พื้นที่/ความยาว
มีที่จอดรถ  ที่กลับรถ และทางเข้าออกของรถ  จ านวน
ชนิด
จ านวน
เพื่อใช้เป็น
พื้นที่/ความยาว
มีที่จอดรถ  ที่กลับรถ และทางเข้าออกของรถ  จ านวน
ข.1/ข.2  ลงวันที่ .. เดือน
พ.ศ.
จนกว่าจะท าการ
(ลายมือชื่อ)
(ลายมือชื่อ)
(ลายมือชื่อ)
(ลายมือชื่อ)",,
dot_input\th\แบบคำร้องขอรับบริการข้อมูลข่าวสาร.pdf,"วันที่
เดือน
พ.ศ
ข้าพเจ้า ( ) นาย  ( ) นาง ( ) นางสาว
อายุ
ปี อาชีพ ( ) รับราชการ ( ) นักการเมือง ( ) ประกอบธุรกิจ ( ) รับจ้าง ( ) อื่น ๆ
ที่อยู่ บ้านเลขที่
หมู่ที่
ตรอก/ซอย
ถนน
ต าบล/แขวง
อ าเภอ/เขต
จังหวัด
รหัสไปรษณีย์
โทรศัพท์
ข่าวสารฯ พ.ศ. 2540 เรื่อง
(ลงชื่อ)
เพราะ
(ลงชื่อ)
ผู้ปฏิบัติ",,
dot_input\th\แบบฟอรม์การใช้ยา.pdf,"เนื่องจาก สาขาวิชา
ภาควิชา
จะขอใชยาตัวอยางเพื่อ
ชื่อยา
ระยะเวลาในการทดลองใช ตั้งแต
ถึง
จํานวนผูปวยที่คาดวาจะใชยานี้ประมาณ
ชื่อแพทย
รหัสบุคคล
โทร.
ชื่อแพทย
รหัสบุคคล
โทร.
ชื่อแพทย
รหัสบุคคล
โทร.
ชื่อแพทย
รหัสบุคคล
โทร.
ชื่อแพทย
รหัสบุคคล
โทร.
5) ชื่อแพทย ................................................................................ รหัสบุคคล .......................... โทร. ............................. 
(หากแพทยผูใชมากกวา 5 ราย กรุณาทําเปนเอกสารแนบ)
หัวหนาสาขาวิชา
ภาควิชา
วันที่
* กรณีสั่งยาดังกลาวมาในใบสั่งยา กรุณาเขียนชื่อยา
 อื่นๆ
 เรียนหัวหนาฝายเภสัชกรรมเพื่อดําเนินการ 
วันที่",,
dot_input\th\แบบฟอร์ม_ประกาศ.pdf,"เรื่อง
---------------------------------
ประกาศ ณ วันที่
พ.ศ.",,
dot_input\th\แบบฟอร์ม_หนังสือประทับตรา.pdf,ถึง,,
dot_input\th\แบบฟอร์ม_หนังสือภายนอก.pdf,"เรื่อง
เรียน
อ้างถึง  (ถ้ามี)
สิ่งที่ส่งมาด้วย  (ถ้ามี)
จึงเรียนมาเพื่อ
ส าเนาเรียน
(ถ้ามี)
ที่ อว 68104",,
dot_input\th\แบบฟอร์มผู้ป่วยใหม่.pdf,"ชื่อ(นาย/นาง/นางสาว/ด.ช./ด.ญ)
นามสกุล
วันเกิด
เดือน
พ.ศ
อายุ
ปี สัญชาติ
ศาสนา
จบการศึกษาสูงสุด  ไม่ได้เรียน            ประถมศึกษา
 มัธยมศึกษา
ที่อยู่ตามบัตรประชาชน : บ้านเลขที่
หมู่ที่
ซอย
ถนน
ต าบล/แขวง
อ าเภอ/เขต
จังหวัด
โทร
ที่อยู่ปัจจุบัน : บ้านเลขที่
หมู่ที่
ซอย
ถนน
ต าบล/แขวง
อ าเภอ/เขต
จังหวัด
โทร
อาชีพปัจจุบัน
ชื่อ-สกุลบิดา
ชื่อ-สกุลมารดา
ชื่อ-สกุลคู่สมรส
ชื่อ-สกุลญาติที่ติดต่อได้
เกี่ยวข้องเป็น
ที่อยู่ที่ติดต่อได้
โทร
 ไม่เคยแพ้้้ แพ้(ระบุ)
เพื่อประโยชน์ของตัวท่าน โปรดระบุประวัติการแพ้ ้้ ( ยา / อาหาร / สารเคมี / สารทึบรังสี )      
ประวัติการสูบบุหรี่    ไม่สูบ       สูบ         เคยสูบ  ระยะเวลาที่สูบ
ปี จ านวน
ประวัติการดื่มเครื่องดื่มที่มีแอลกอฮอล์      ไม่ดื่ม         ดื่ม (ระบุชนิด)
จ านวนที่ดื่ม
แก้ว/วัน    ระยะเวลาที่ดื่ม
ประวัติการกินหมาก      ไม่เคย           เคย ระยะเวลา
ลงชื่อ",,
dot_input\th\แบบฟอร์มใบลาป่วย.pdf,"วันที่
เรียน  อาจารย์
ด้วยข้าพเจ้า นาย / นางสาว
รหัส
ซึ่งลงทะเบียนเรียนวิชา 1010
กลุ่ม
เรียนวัน
เวลา
มีอาการป่วย
ในวันที่
งนั้นจึงขอลาป่วยเป็นเวลา
ในวันที่",,
dot_input\th\ใบคําร้องขอเลขรหัสประจําบ้าน.pdf,"เลขที่คําร้อง
ลงวันที่
เดือน
พ.ศ
สถานที่รับแจ้ง
ตั้งอยู่บ้านเลขที่
หมู่ที่
ตรอก
ซอย
        ถนน
ที่ตั้งบ้านอยู่ฝั่ง         ซ้าย          ขวา   ของตรอก หรือซอย หรือถนน  ตําบล/แขวง
เขต/อําเภอ/กิ่งอําเภอ
จังหวัด
ประเภทบ้าน     บ้านอยู่อาศัย     โรงเรียน     วัด     ค่ายทหาร     อื่น ๆ
ชื่อหมู่บ้าน
ชื่อบ้าน
ชื่อชุมชน
      รหัสไปรษณีย์
อยู่ระหว่างบ้านเลขที่
ใกล้เคียงกับสถานที่สําคัญคือ
จํานวน
ชั้น         จํานวน
ขนาดของบ้าน
ตรารางเมตร จํานวนพื้นที่ที่อยู่อาศัยตาม พ.ร.บ.สาธารณสุข
ประเภทเอกสารถือครอง      โฉนด       น.ส.3      ส.ค.1      อื่น ๆ
เลขที่เอกสารถือครอง
ขนาดของพื้นที่ตามเอกสารถือครอง
เลขที่หนังสืออนุญาตให้ปลูกสร้าง
เจ้าของบ้าน     เลขประจําตัวประชาชน
ชื่อ
ผู้ยื่นคําร้อง      ชื่อ
อยู่บ้านเลขที่
หมู่ที่
ชื่อหมู่บ้าน
ตรอก
ซอย
ถนน
แขวง/ตําบล
เขต/อําเภอ/กิ่งอําเภอ
จังหวัด
ในฐานะ              เจ้าบ้าน             ได้รับมอบหมายจากเจ้าบ้าน     อื่น ๆ
ร้องขอต่อนายทะเบียน
   บัตรประจําตัวของเจ้าบ้าน เลขที่
   บัตรประจําตัวของผู้ได้รับมอบหมายเลขที่
   หนังสือมอบหมายอํานาจจาก
   สําเนาทะเบียนบ้านฉบับเจ้าบ้านเลขที่
   หนังสืออนุญาติให้ปลูกสร้างอาคาร
   สัญญาซื้อขายบ้าน
   สัญญาเช่าบ้าน
   อื่น
ลงชื่อ
ลงชื่อ
ตําแหน่ง กํานัน/ผู้ใหญ่บ้าน หมู่ที่
วันที่
เดือน
พ.ศ
สํานักทะเบียน
จังหวัด
ได้รับแจ้งจาก
เลขที่
ลงวันที่
ลงชื่อ
)           ตําแหน่ง
วันที่
เดือน
พ.ศ
   ได้รับหลักฐานการรับแจ้งเกี่ยวกับบ้านแล้ว                  ลงชื่อ",,
dot_input\th\ใบมอบอํานาจ.pdf,เป็นผู้แทนของข้าพเจ้า ในการดําเนินการ,,
dot_input\th\ใบยืมอุปกรณ์.pdf,"วันที่
เดือน
พ.ศ
ชื่อ
นามสกุล
รหัสนักศึกษา
สังกัดหน่วยงาน(เช่น สโมสรฯ ชมรมฯ ภาควิชา)
โทรศัพท์หน่วยงานหรือมือถือที่สามารถติดต่อกลับได้
ขอยืมไปใช้ในงาน
ในวันที่
เดือน
พ.ศ
ถึง วันที่
เดือน
พ.ศ
ขอส่งคืนใน วันที่
เดือน
พ.ศ
ผู้ขอยืม
ผู้คืนอุปกรณ์
)                                             (
ผู้พิจารณาอนุมัติ
ผู้รับคืนอุปกรณ์
วันที่
เดือน
พ.ศ
วันที่
เดือน
พ.ศ.",,
dot_input\th\ใบรับรองแพทย์.pdf,"เล่มที่
เลขที่
ข้าพเจ้า นาย/นาง/นางสาว
สถานที่อยู่ (ที่สามารถติดต่อได้)
□ ไม่มี □ มี  (ระบุ)
□ ไม่มี □ มี  (ระบุ)
□ ไม่มี □ มี  (ระบุ)
ประวัติอื่นที่ส าคัญ
ลงชื่อ
วันที่
เดือน
พ.ศ.
สถานที่ตรวจ
วันที่
เดือน
พ.ศ.
ข้าพเจ้า นายแพทย์/แพทย์หญิง
ใบอนุญาตประกอบวิชาชีพเวชกรรมเลขที่
สถานพยาบาลชื่อ
ที่อยู่
ได้ตรวจร่างกาย นาย/นาง/นางสาว
แล้วเมื่อวันที่
เดือน
พ.ศ.
น ้าหนักตัว
กก.  ความสูง
เซนติเมตร ความดันโลหิต
มม.ปรอท ชีพจร
สภาพร่างกายทั่วไปอยู่ในเกณฑ์  □ ปกติ      □ ผิดปกติ (ระบุ)
อื่น ๆ (ถ้ามี)
สรุปความเห็นและข้อแนะน าของแพทย์
ลงชื่อ",,
dot_input\th\ใบลาออก.pdf,"เรียน
ข้าพเจ้านาย/นาง/นางสาว
พนักงานต าแหน่ง
เนื่องด้วยเหตุผล
จึงขอสิ้นสุดการท างาน ตั้งแต่วันที่
เดือน
พ.ศ
ขอแสดงความนับถือ",,
line_input\en\Application-Form-Online.pdf,"Username:
Password:
Confirm Password:
Email Address:
Mobile Number:
Why do you want to join us?",,
line_input\en\Application-Form-PDF.pdf,"Name:
Date of Birth:
Address:
Phone Number:
Email:
Highest Level of Education:
Institution:
Graduation Year:
Company Name:
Role:
Start and End Dates:
Responsibilities:
Reference Name:
Contact Information:
Relationship:",,
line_input\en\Application-Form-School.pdf,"Student Name:
Age:
Current School:
Grade:
Parent/Guardian Name:
Contact Number:
Email Address:",,
line_input\en\APPLICATION20FORM202021-1.pdf,"FIRST NAME:
LAST NAME:
FULL NAME (IN THAI):",,
line_input\en\Application_Form_ Identity_certificate.pdf,"Post Applied for  :
1. Full Name  
2. Father’s Name 
3. Permanent Address    
    Present Address  
Date of Birth :
Religion :
Nationality :
Domicile :
    Date of Joining Service 
    Date of Discharge from Service 
12. E-mail id  
:
13. Telephone No. (With Std Code)  
:
14. Mobile No.  (If any)  
:",,
line_input\en\Basic Employment Application Form.pdf,"DATE OF APPLICATION:
Name:
Address:
Alternate Address:
Contact Information:
POSITION SOUGHT:
Available Start Date:
Desired Pay Range:
Are you currently employed?
Please list your areas of highest proficiency, special skills or other items that may contribute to your ",,
line_input\en\Basic-Job-Application-Template.pdf,"Name:
Date:
Address:
City/State/Zip
Telephone:
Cell:
E Mail:
Name of High School
Location
Name of College
Location
Areas of Study:
Full Time:
Part Time:
Summer:
Holiday:
Position:
Desired Wage:
If yes, which location?
When?
Supervisor’s Name
Do you have any acquaintances that work for Creative Kidstuff?",,
line_input\en\Blank Employment Application Form PDF.pdf,"FULL NAME:
CURRENT CONTACT:
CURRENT ADDRESS:
PREVIOUS ADDRESS:
 Yes    No    If yes, provide dates and locations:
 Yes    No    If yes, provide dates and locations:
If yes, name(s) and location(s):
 Dept. of Employment     Community Organization     Other:
Position you are applying for:
Date available to start work*:
Total hours available per week*:
Are you willing to relocate?   Yes    No    Where?",,
line_input\en\Citizenship Card Application Form.pdf,"Full Legal Name:
Date of Birth:
Mailing Address:  P.O. Box #
City/ Town:
Province:
Postal Code:
Permanent Street Address:
City/Town:
Province:
Postal Code:
Phone Number: (
Nisga’a Village:
Tribe:
Indian Registration Number:
Citizenship number:
$20.00 REPRINT Administration Fee paid By:
Cash
Cheque
DATE:
Signature:",,
line_input\en\Consent_to_treat_form.pdf,"Department:
Provider:
Representative Signature:
Date:
or Personal Representative:",,
line_input\en\Document_Certification_Service.pdf,,,
line_input\en\emp-app.pdf,,,
line_input\en\Employment Application Form.pdf,"POST APPLIED FOR
Name of Polyclinics applied for
1. 
Name
(If Ex-serviceman No
Rank
Arms/Service
Unit last served
Date of birth
3. 
Sex: M/F
Postal Address
4. 
Pin
Mob No
E-mail ID
7. 
Registration No and date of registration with Indian/State Medical Council
Total pd of serving (including SSC if any)
11. 
Details of Previous service if any with ECHS and reason for termination
Place :
Signature
Date  :
Name of applicant",,
line_input\en\Employment-Job-Application.pdf,"FULL NAME:
DATE:
ADDRESS:
E-MAIL:
PHONE:
SOCIAL SECURITY NUMBER (SSN):
DATE AVAILABLE:
DESIRED PAY: $
POSITION APPLIED FOR:
*IF YES, WRITE THE START AND END DATES:
*IF YES, PLEASE EXPLAIN:
HIGH SCHOOL:
CITY / STATE:
FROM:
TO:
GRADUATE? ☐ YES  ☐ NO DIPLOMA:
COLLEGE:
CITY / STATE:
FROM:
TO:
GRADUATE? ☐ YES  ☐ NO DEGREE:
OTHER:
CITY / STATE:",,
line_input\en\Free Rental Application Form PDF.PDF,"Name:
Phone:
Email:
Former Names:
SSN:
DOB:
If so, when and why?
Current address, including ZIP CODE:
Name, address and telephone no. of Landlord:
Length of stay:
Rent: $
Amt. of utilities paid by tenant: $
Reason for leaving:
When does your lease expire?
When would you like to take occupancy?
Former address, including ZIP CODE:
Length of stay:
Reason for leaving:
Name, address and telephone number of Landlord:
If the total length of the previous two tenancies is less than two years, list additional addresses with ZIP CODE:
Names of all adult co-tenants:
Pets: Number
types:
weight:
and ages:
Number of vehicles: cars:
trucks:
other:
Plate numbers:
Current employer:
Phone:
Position:
Length of employment:
NET pay per mo: $
Additional income: Amount $
Source:
Total of ALL monthly debt, excluding rent and utilities listed above  $",,
line_input\en\Job-Application-Form-PDF.pdf,"Today’s Date
Name
Present Address
Home Telephone Number (
Message Number (
Position Applied For
Do you want to work:         Full-time
Part-time
Temporary
Specify days and hours available, if part-time
Date available to start work
Salary Expectations
job title and dates of employment)",,
line_input\en\Job-Offer-Template.pdf,"Date:
, 20
Dear
Date: _________________, 20____ 
,
a) Title.
b) Duties.
a) Manager.
b) Start Date.
, 20
c) End Date. ☐ Indefinite ☐ Date of
, 20
☐ Salary ☐ per Hour ☐ Commission ☐ Other.
Benefits. ☐ 401(k) ☐ Medical insurance ☐ Other.
a) Acceptance. Employee must accept this offer by
, 20
We happily look forward to the opportunity of working with you. 
Sincerely,",,
line_input\en\job_application2.pdf,,,
"line_input\en\KECOBO Application for employment form(Revised, July  2022).pdf","Position/vacancy applied for:
Job Grade:
a) Names:
c) Present Postal Address:
Code:
Town/ City
d) Permanent Postal Address:
Code:
Town/City
e) Email Address
f) Telephone No:
g) Mobile No:
h) Nationality
i) Ethnicity/ Tribe:
j) Date of Birth (Day/Month/Year):
k) Passport / I.D. Number
l) Home County
m) Sub County:
n) Constituency:
o) Marital status
p) Name of alternative contact person:
q) Telephone No:
r) Disability (if any); Specify:
r) Disability (if any); Specify: ___________________________________________________________________ 
s) Details of Registration with the National Council for People with Disabilities (Registration No. and Date)
t) State current status of employment and suitability for appointment:
___________________________________________________________________________________________ ",,
line_input\en\Medical_Examination_Form.pdf,"Name of the candidate
Father’s Name
Mother’s Name
Date of Birth
Department (in which admission is being sought)
No.
Date
Rs.
History of any medication
III. 
History of any medication _____________________________________________________________________________________ 
___________________________________________________________________________________________________________________  
Attested by the chairman)     
presence of the examining Doctor)
Right
left
Right
left
Alb",,
line_input\en\Membershipform_McKay-sample.pdf,,,
line_input\en\Printable-Purchase-and-Sale-Agreement-Template.pdf,"Memorandum of Purchase and Sale Agreement entered into between: 
Name:
______________________________ 
Identity Number:
and 
Name:
______________________________ 
Identity Number:
The Seller sells to the Buyer an/ the
The purchase price of the Goods shall be R",,
line_input\en\Rental Property Application Form PDF.pdf,"PROPERTY ADDRESS:
RENT P/W:
BOND:
TERM:  __6 MONTH  /  12 MONTH __   COMMENCEMENT DATE:
FULL NAME:
DATE OF BIRTH:
MOBILE:
DAY TIME PHONE:
EMAIL:
DRIVER’S LIC:
ISSUING STATE:
CURRENT ADDRESS:
CURRENT ADDRESS:   ________________________________________________________________________________ 
NAMES & AGES OF ALL PERSONS (NOT LISTED ABOVE) WHO WILL OCCUPY THE PROPERTY:
WILL YOU KEEP PETS ON THE PROPERTY?:    YES  /  NO   DETAILS:
____________________________________________________________________________________________________ 
CURRENT RENT AMOUNT:
TIME AT THE ADDRESS:
LANDLORD/AGENCY NAME:
MOBILE:
DAY TIME PHONE:
EMAIL:
REASON FOR VACATING THE ADDRESS:
PREVIOUS RENT AMOUNT:
TIME AT THE ADDRESS:
LANDLORD/AGENCY NAME:
MOBILE:
DAY TIME PHONE:
EMAIL:
REASON FOR VACATING THE ADDRESS:
OCCUPATION:
EMPLOYER:
BUSINESS ADDRESS:
SUPERVISOR’S NAME:
MOBILE:
DAY TIME PHONE:
EMAIL:
LENGTH OF SERVICE:
INCOME:
SIGNATURE:
DATE:",,
line_input\en\Simple-Job-Application-Form.pdf,"First Name: :
Last Name: :
Phone Number::
Email Address: :
Address::
City: :
State/Province: :
Zip/Postal Code: :
Position Applied For:
Desired Salary: $
Date Available to Start:
●
Highest Level of Education:
School Name:
Field of Study:
Graduation Year (or Expected):
Employer:
Job Title:
Employment Period: From
To
Reason for Leaving:",,
line_input\en\Student Loan Application Form PDF.pdf,"Surname:
Given Names:
Mailing Address:
Post Code:
Home Address:
Post Code:
Email:
Phone Numbers: B/H:
A/H:
Mobile:
Drivers Licence Number:
Expiry Date:
Date of Birth:
Student Number:
Program:
Year of Study (e.g. :
Full Name:
Phone Numbers: B/H:
A/H:
Mobile:
Mailing Address:
Post Code:
Home Address:
Post Code:
Relationship to applicant (e.g. mother):",,
line_input\en\Teacher-Job-Application-Template.pdf,"1Post Applied For: -
a. Name
b. Father's/ Husband's Name
c. Address
d. Contact No. (R):
Mobile (P):
e. Date of Birth :
E-mail ID :
Spouse Name
Educational Qualification:
Work Address
Phone
Mobile
No. Of Children
Son(s)
Age
Daughter(s)
Age
School / College if studying
a. Name :
Phone/Mobile
Address:
How do you know the person and since how long ?
b. Name:
Phone/mobile
Address
c. How do you know the person and since how long ?
Subject(s) Specilisation: ",,
line_input\en\Visa_Application_form_OK.pdf,,,
line_input\th\Application-Form.pdf,"Name in Thai
Name in English
Permanent Address
Telephone
Present Address
Telephone
Date of Birth
Age
Nationality
Religion
Place of Birth
ID Card No.
Date of Issue
Expiry Date _
Place of Issue
Province
Height
Weight
Color of Complexion
Color of eyes
Color of Hair
Blood Group
Scar / Mark
if married have you a Marriage Certificate?                Yes                No                No. of Children
Spouse’s name
Occupation
Company Name
Office Address
Position",,
line_input\th\FM-HR-001-ใบสมัครงาน-Fillable-in-Form-Adobe-Thai.pdf,,,
line_input\th\FRFTHR001r0.pdf,"Surname / นามสกุล:   
Nickname / ชื่อเล่น:
Application for Position / สมัครงานต าแหน่ง:
Expected Salary / เงินเดือนที่ต้องการ:
Source of Job Announcement / ทราบข่าวการรับสมัครงานจาก:
Expiry Date / บัตรหมดอายุ:
Date of Birth / วันเดือนปีเกิด:
Age / อายุ:
Religion / ศาสนา:
Present Address / ที่อยู่ปัจจุบัน:
     Religion / ศาสนา: ______________ 
Home Phone / โทรศัพท์บ้าน:
Mobile Phone / โทรศัพท์มือถือ:
Other / อื่น ๆ:
Email / อีเมล์:
Facebook I.D. / เฟสบุ๊ค ไอดี:
Number of Children (if any) / จ านวนบุตร (ถ้ามี):
Spouse’s Name / ชื่อคู่สมรส:
Occupation / อาชีพ:
Work Place / สถานที่ท างาน:
Contact Number / เบอร์ติดต่อ:
(If Exempted / ถ้าได้รับการยกเว้น)  Because / เพราะ:
Reference Person / บุคคลที่สามารถติดต่อได้:
Relationship / ความสัมพันธ์:
Contact Number No. 1 / เบอร์ติดต่อ ที่ 1:
Contact Number No. 2 / เบอร์ติดต่อ ที่ 2:",,
tabular\en\Employment-Application.pdf,,,
tabular\en\Individual_Income_Tax_Return.pdf,,,
tabular\en\job application form.pdf,,,
tabular\en\job-application-form-template-download-standard-20170814.pdf,,,
tabular\en\job-application-form.pdf,,,
tabular\en\job_application.pdf,,,
tabular\en\Medication_Administration_Authorization.pdf,"Date of Birth:
Medications shall be administered from:
to
If PRN, for what symptoms, how often and how long
Possible side effects and special instructions:
Known Food or Drug Allergies: ☐ Yes    ☐No  If yes, please explain:
Medication named above was received. Expiration date",,
tabular\en\new_patient.pdf,,,
tabular\en\standard application.pdf,,,
tabular\en\Voter_Registration.pdf,,,
tabular\en\Z83.pdf,,,
tabular\th\appe_230530093926.pdf,"โปรดกรอกข้อมูลลงในใบสมัครให้ครบถ้วน - Please completely fill out this form             วันที3 Date
ท่านทราบข่าวการรับสมัครงานจาก         พนักงานภายในบริษัท        ป้ายประกาศรับสมัครงาน        อินเทอร์เน็ต         อื3นๆ (โปรดระบุ)
ชื3อ-นามสกุล (นาย/นาง/นางสาว)
First-Last Name (Mr./ Mrs./ Miss)
ชื3อเล่น
Nickname",,
tabular\th\application-form.pdf,,,
tabular\th\แบบฟอร์มใบสมัครงาน.pdf,"วันที่สมัคร / REGISTRATION DATE :
ภาค
เพื่อนแนะนำ (ชื่อ-สกุล)
รหัส
บัตรประกันสังคม  [  ] มี  [  ] ไม่มี / หมดอายุแล้ว (ลาออกมาเกิน 6 เดือน)    ระบุ รพ.
อื่นๆ
ศึกษาต่อสาขา : 
STUDY IN
___________________________________ ชื่อสถาบันการศึกษา :
INSTITUTION NAME
ACTIVITIES / CLUB / PROJECT AT THE COLLEGE OR UNIVESITY [1]
RESPONSIBLE FOR
[2]
RESPONSIBLE FOR
OTHERS :",,
